{
  "add": "<:add:868562133250609212>",
  "approve": "<:approve:868562133850394675>",
  "warn": "<:warn:868562165777444944>",
  "deny": "<:deny:868562165093777468>",
  "remove": "<:remove:868562134236299326>",
  "lastfm": "<:lastfm:868562385974202428>",
  "verifiedBotDev": "<:VerifiedBotDeveloper:868562234140393472>",
  "bugHunterPlus": "<:BugHunterPlus:868562384736878602>",
  "bugHunter": "<:BugHunter:868562384183246888>",
  "verifiedBot": "<:Verified:868562311172997150>",
  "hypeSquad": "<:HypeSquad:868562311751794739>",
  "hypeSquadBal": "<:HypeSquadBalance:868562309965054002>",
  "hypeSquadBravery": "<:HypeSquadBravery:868562235293839391>",
  "hypeSquadBril": "<:HypeSquadBrilliance:868562234907983922>",
  "discordStaff": "<:DiscordStaff:868562487941931038>",
  "discordPartner": "<:Partner:868799657130729502>",
  "earlySupporter": "<:EarlySupporter:868800908010594325>",
  "verifiedServer": "<:Verified:868562311172997150>"
}